"day","keyword","time","bbc","reddit"
"Attack day","all","1982","823","8884"
"Attack day","religion","79","37","891"
"Attack day","violence","172","79","345"
"Attack day","freedom","122","26","160"
"Day 1","all","1518","514","6174"
"Day 1","religion","78","36","643"
"Day 1","violence","122","26","376"
"Day 1","freedom","43","19","87"
"Day 2","all","1655","0","2488"
"Day 2","religion","76","0","95"
"Day 2","violence","241","0","87"
"Day 2","freedom","13","0","50"
"Day 3","all","466","481","4760"
"Day 3","religion","18","14","608"
"Day 3","violence","59","53","81"
"Day 3","freedom","0","0","98"
"Day 4","all","322","520","5386"
"Day 4","religion","27","43","802"
"Day 4","violence","10","15","326"
"Day 4","freedom","10","0","41"
"Day 5","all","979","618","3333"
"Day 5","religion","17","37","301"
"Day 5","violence","83","72","161"
"Day 5","freedom","34","0","30"
"Day 6","all","988","1131","6658"
"Day 6","religion","26","95","314"
"Day 6","violence","104","91","96"
"Day 6","freedom","17","9","86"
"Day 7","all","826","556","2579"
"Day 7","religion","27","37","257"
"Day 7","violence","43","76","105"
"Day 7","freedom","16","10","41"
"Day 8","all","0","394","2932"
"Day 8","religion","0","56","162"
"Day 8","violence","0","8","46"
"Day 8","freedom","0","5","62"
"Day 9","all","378","0","142"
"Day 9","religion","40","0","0"
"Day 9","violence","16","0","2"
"Day 9","freedom","0","0","8"
"Day 10","all","0","0","1282"
"Day 10","religion","0","0","19"
"Day 10","violence","0","0","67"
"Day 10","freedom","0","0","0"
"Day 11","all","251","0","695"
"Day 11","religion","23","0","26"
"Day 11","violence","9","0","7"
"Day 11","freedom","8","0","10"
"Day 12","all","91","303","0"
"Day 12","religion","0","0","0"
"Day 12","violence","6","31","0"
"Day 12","freedom","1","0","0"
"Day 13","all","120","0","822"
"Day 13","religion","4","0","4"
"Day 13","violence","8","0","34"
"Day 13","freedom","3","0","59"
"Day 14","all","368","0","852"
"Day 14","religion","3","0","0"
"Day 14","violence","31","0","39"
"Day 14","freedom","0","0","0"